10015	IGNORE
10020	IGNORE
10021	IGNORE
10027	IGNORE
10028	IGNORE
10029	IGNORE
10030	IGNORE
10031	IGNORE
10032	IGNORE
10033	IGNORE
10034	IGNORE
10035	IGNORE
10036	IGNORE
10037	IGNORE
10038	IGNORE
10039	IGNORE
10040	IGNORE
10041	IGNORE
10042	IGNORE
10043	IGNORE
10044	IGNORE
10045	IGNORE
10046	IGNORE
10047	IGNORE
10048	IGNORE
10049	IGNORE
10050	IGNORE
10051	IGNORE
10052	IGNORE
10053	IGNORE
10054	IGNORE
10055	IGNORE
10011	WARN
10012	WARN
10016	WARN
10017	WARN
10019	WARN
10023	WARN
10024	WARN
10025	WARN
10026	WARN
40018	FAIL
40012	FAIL
40014	FAIL
40016	FAIL
6	FAIL
7	FAIL
40013	FAIL
